contact_url_hash,system,value,use
da9269c073c1c3a3,url,provider.myhelo.com,
23e02d09841d22f8,url,www.yourgicenter.com,
41ad6acd305fcda9,url,sunrisefamilypractice.us,
fb19263a1b558f5f,url,www.ochd.org,
77ca11f8fac75002,url,https://www.palousespecialty.com/oncology,
ce89300c721a30b8,url,barrycountyhealth.com,
5f586a7f103eb9e6,url,www.weecarepeds.org,
ac30da848081dd18,url,https://www.garlandtx.gov/762/Public-Health-Clinic,
4d2ac03c20a8eefa,url,www.correctionalhealthmanagement.com,
8af4b61095ff4568,url,www.hopeandhealingcare.com,
dc92e791d3b7bce5,url,www.carbonhw.com,
f6bc63a56fe85ebc,url,https://www.mcleancountyil.gov/1304/Behavioral-Hea,
e827eec0672cfc8b,url,www.jonescountyhealth.com,
cca23088f11c8cb4,url,https://rosebudcountymt.gov/,
6676e5af22d909b8,url,www.urgentcaretexas.com,
23b05177d99a22b2,url,https://doylestownhealth.org/find-a-provider/doylestown-health-doylestown-hospital-LOC0000093376,
